rank,business_name,legal_name_on_license,tier,fit_percent,cslb_license,license_status,entity,classifications,issue_date,expire_date,bond_carrier,bond_amount,bond_cancellation,workers_comp,cslb_address,cslb_phone,published_phone,sf_plumbing_permits,website,snake_shower,tub_overflow_access,non_destructive,prewar_galvanized,camera_inspection,weekend_emergency,flag_count,critical_flags,cslb_source_url,raw_capture
1,X-Ray Plumbing And Drain,X-RAY PLUMBING AND DRAIN INC,recommended,92,1129001,active,Corporation,C36 - PLUMBING,11/12/2024,11/30/2026,AMERICAN CONTRACTORS INDEMNITY COMPANY,"$25,000",,insured,"912 COLE ST STE #266 / SAN FRANCISCO, CA 94117",(415) 996-6668,(415) 465-2727,16,https://xrayplumbing.com/,documented,documented-adjacent,documented,advertised,documented,documented,3,,https://www2.cslb.ca.gov/OnlineServices/CheckLicenseII/LicenseDetail.aspx?LicNum=1129001,data/raw/cslb-1129001.txt
2,ASAP Plumbing Pros,ASAP PLUMBING PRO,recommended,92,1113916,active,Sole Ownership,C36 - PLUMBING,12/13/2023,12/31/2027,MERCHANTS BONDING COMPANY (MUTUAL),"$25,000",,exempt,"550 PALM AVE / SOUTH SAN FRANCISCO, CA 94080",(415) 728-6391,(415) 728-6391,,,documented,documented-adjacent,documented,unknown,unknown,advertised,3,,https://www2.cslb.ca.gov/OnlineServices/CheckLicenseII/LicenseDetail.aspx?LicNum=1113916,data/raw/cslb-1113916.txt
3,Dr. Drain Plumbing & Rooter,DR DRAIN PLUMBING AND ROOTER,recommended,92,1100857,active,Corporation,C36 - PLUMBING,01/26/2023,01/31/2027,NORTH RIVER INSURANCE COMPANY (THE),"$25,000",,exempt,"1043 PINEHURST CT / MILLBRAE, CA 94030",(650) 686-0757,(650) 686-0757,,https://drdrainplumbingandrooter.com/,documented,documented-adjacent,documented,unknown,advertised,documented,2,,https://www2.cslb.ca.gov/OnlineServices/CheckLicenseII/LicenseDetail.aspx?LicNum=1100857,data/raw/cslb-1100857.txt
4,Atlas Plumbing & Rooter,ATLAS PLUMBING & ROOTER,recommended,83,868994,active,Corporation,C36 - PLUMBING ; A - GENERAL ENGINEERING,12/08/2005,03/31/2028,AMERICAN CONTRACTORS INDEMNITY COMPANY,"$25,000",,insured,"3311 MISSION STREET UNIT 165 / SAN FRANCISCO, CA 94110",(650) 871-9863,(415) 845-9199,1448,https://www.atlasplumbingandrooter.com/,documented,advertised,documented,advertised,documented,unknown,1,,https://www2.cslb.ca.gov/OnlineServices/CheckLicenseII/LicenseDetail.aspx?LicNum=868994,data/raw/cslb-868994.txt
5,Lutz Plumbing,LUTZ PLUMBING INC,recommended,75,503971,active,Corporation,"C36 - PLUMBING ; C16 - FIRE PROTECTION ; C20 - WARM-AIR HEATING, VENTILATING AND AIR-CONDITIONING",01/12/1987,01/31/2027,OHIO CASUALTY INSURANCE COMPANY (THE),"$25,000",,insured,"3123 17TH STREET / SAN FRANCISCO, CA 94110",(415) 621-4292,(415) 621-4292,1405,https://lutzplumbingsf.com/,advertised,documented-adjacent,documented,documented,advertised,unknown,2,,https://www2.cslb.ca.gov/OnlineServices/CheckLicenseII/LicenseDetail.aspx?LicNum=503971,data/raw/cslb-503971.txt
6,Discount Plumbing & Rooter,DISCOUNT PLUMBING ROOTER SERVICES LLC,recommended,67,1140843,active,Ltd Liability,C36 - PLUMBING ; A - GENERAL ENGINEERING,07/22/2025,07/31/2027,LEXINGTON NATIONAL INSURANCE CORPORATION,"$25,000",,insured,"1325 HOWARD AVE BLDG 710 / BURLINGAME, CA 94010",(650) 991-2100,(650) 991-2100,2623,https://www.discountplumbingandrooter.com/,documented,advertised,advertised,advertised,documented,documented,3,The permit history sits with a CANCELED license,https://www2.cslb.ca.gov/OnlineServices/CheckLicenseII/LicenseDetail.aspx?LicNum=1140843,data/raw/cslb-1140843.txt
7,Ayoob & Peery Plumbing Co.,AYOOB & PEERY PLUMBING CO INC,recommended,25,392967,active,Corporation,"B - GENERAL BUILDING ; C-4 - BOILER, HOT WATER HEATING AND STEAM FITTING ; C16 - FIRE PROTECTION ; C36 - PLUMBING ; C20 - WARM-AIR HEATING, VENTILATING AND AIR-CONDITIONING",09/08/1980,09/30/2028,AMERICAN CONTRACTORS INDEMNITY COMPANY,"$25,000",,insured,"975 INDIANA ST / SAN FRANCISCO, CA 94107",(415) 550-0975,(415) 550-0975,8062,,unknown,unknown,unknown,documented,unknown,unknown,2,,https://www2.cslb.ca.gov/OnlineServices/CheckLicenseII/LicenseDetail.aspx?LicNum=392967,data/raw/cslb-392967.txt
8,San Francisco Plumbing Company,SAN FRANCISCO PLUMBING COMPANY,recommended,25,323223,active,Corporation,C36 - PLUMBING,08/10/1976,01/31/2027,ATLANTIC SPECIALTY INSURANCE COMPANY,"$25,000",,insured,"200 VALLEY DRIVE SUITE 3 / BRISBANE, CA 94005",(415) 664-2345,(415) 664-2345,1556,,unknown,unknown,unknown,documented,unknown,unknown,3,,https://www2.cslb.ca.gov/OnlineServices/CheckLicenseII/LicenseDetail.aspx?LicNum=323223,data/raw/cslb-323223.txt
9,Fusco Plumbing and Heating,FUSCO PLUMBING AND HEATING,recommended,25,530388,active,Sole Ownership,"C36 - PLUMBING ; C20 - WARM-AIR HEATING, VENTILATING AND AIR-CONDITIONING",05/16/1988,05/31/2028,PLATTE RIVER INSURANCE COMPANY,"$25,000",,insured,"705 KNOCKNABOUL WAY / SAN RAFAEL, CA 94903",(415) 850-9780,(415) 850-9780,1543,,unknown,unknown,unknown,documented,unknown,unknown,3,,https://www2.cslb.ca.gov/OnlineServices/CheckLicenseII/LicenseDetail.aspx?LicNum=530388,data/raw/cslb-530388.txt
10,Genteel Plumbing,THE GENTEEL PLUMBERS INC,viable,67,1025814,active,Corporation,C36 - PLUMBING ; B - GENERAL BUILDING,04/14/2017,04/30/2027,AMERICAN CONTRACTORS INDEMNITY COMPANY,"$25,000",,insured,"1181 REVERE AVE / SAN FRANCISCO, CA 94124",(833) 436-8335,(833) 436-8335,60,https://www.genteelplumbing.com/,documented,advertised,advertised,unknown,unknown,unknown,1,,https://www2.cslb.ca.gov/OnlineServices/CheckLicenseII/LicenseDetail.aspx?LicNum=1025814,data/raw/cslb-1025814.txt
11,"Magic Plumbing, Heating, Cooling & Electrical",MAGIC PLUMBING,viable,50,698806,active,Corporation,"C20 - WARM-AIR HEATING, VENTILATING AND AIR-CONDITIONING ; C36 - PLUMBING",11/10/1994,03/31/2027,ATLANTIC SPECIALTY INSURANCE COMPANY,"$25,000",,insured,"dba MAGIC PLUMBING HEATING & COOLING / 2261 MARKET STREET 120 / SAN FRANCISCO, CA 94114",(415) 441-2255,(415) 441-2255,2007,https://www.magicplumbingsf.com/,advertised,advertised,advertised,advertised,advertised,advertised,2,,https://www2.cslb.ca.gov/OnlineServices/CheckLicenseII/LicenseDetail.aspx?LicNum=698806,data/raw/cslb-698806.txt
12,"Cabrillo Plumbing, Heating & Air",TWO GUYS PLUMBING INC,viable,50,629538,active,Corporation,"C36 - PLUMBING ; C20 - WARM-AIR HEATING, VENTILATING AND AIR-CONDITIONING",09/24/1991,09/30/2027,AMERICAN CONTRACTORS INDEMNITY COMPANY,"$25,000",,insured,"DBA CABRILLO PLUMBING & HEATING / 78 DORMAN AVE / SAN FRANCISCO, CA 94124",(415) 821-0560,(415) 821-0560,753,https://discovercabrillo.com/,advertised,advertised,advertised,documented,advertised,advertised,3,,https://www2.cslb.ca.gov/OnlineServices/CheckLicenseII/LicenseDetail.aspx?LicNum=629538,data/raw/cslb-629538.txt
13,Whistle Plumbing,WHISTLE PLUMBING INC,viable,50,962328,active,Corporation,C36 - PLUMBING,06/20/2011,07/31/2027,PHILADELPHIA INDEMNITY INSURANCE COMPANY,"$25,000",,exempt,"544 VERDUCCI DRIVE / DALY CITY, CA 94015",(415) 412-3727,(415) 412-3727,141,https://whistleplumbing.com/,advertised,advertised,advertised,advertised,advertised,advertised,2,,https://www2.cslb.ca.gov/OnlineServices/CheckLicenseII/LicenseDetail.aspx?LicNum=962328,data/raw/cslb-962328.txt
14,Mr. Rooter Plumbing of San Francisco,FERGUSON PLUMBING INC,viable,50,453536,active,Corporation,C36 - PLUMBING ; C42 - SANITATION SYSTEM,03/12/1984,04/30/2028,FEDERATED MUTUAL INSURANCE COMPANY,"$25,000",,insured,"dba MR ROOTER PLUMBING / 50 HEGENBERGER LOOP / OAKLAND, CA 94621",(510) 843-6378,(415) 906-2456,27,https://www.mrrooter.com/san-francisco/,advertised,advertised,advertised,advertised,advertised,advertised,4,The 'Mr. Rooter of San Francisco' license most people will quote is EXPIRED,https://www2.cslb.ca.gov/OnlineServices/CheckLicenseII/LicenseDetail.aspx?LicNum=453536,data/raw/cslb-453536.txt
15,Nigel Mulgrew Plumbing,NIGEL MULGREW PLUMBING INC,viable,42,746000,active,Corporation,C36 - PLUMBING,02/18/1998,09/30/2026,AMERICAN CONTRACTORS INDEMNITY COMPANY,"$25,000",,insured,"1127 PALMETTO AVE / PACIFICA, CA 94044",(650) 557-0285,(650) 557-0285,1203,https://nigelmulgrewplumbing.com/,advertised,unknown,advertised,unknown,advertised,unknown,3,,https://www2.cslb.ca.gov/OnlineServices/CheckLicenseII/LicenseDetail.aspx?LicNum=746000,data/raw/cslb-746000.txt
16,Advanced Plumbing & Drain,ADVANCED PLUMBING AND DRAIN INC,viable,42,1009195,active,Corporation,C36 - PLUMBING,11/24/2015,11/30/2027,ATLANTIC SPECIALTY INSURANCE COMPANY,"$25,000",,insured,"3450 SACRAMENTO ST 204 / SAN FRANCISCO, CA 94118",(415) 744-4944,(415) 744-4944,341,https://advancedplumbingsf.com/,advertised,unknown,advertised,advertised,advertised,advertised,1,,https://www2.cslb.ca.gov/OnlineServices/CheckLicenseII/LicenseDetail.aspx?LicNum=1009195,data/raw/cslb-1009195.txt
17,Pipeline Plumbing,PIPELINE PLUMBING,viable,42,963418,active,Sole Ownership,C36 - PLUMBING,07/19/2011,07/31/2027,PHILADELPHIA INDEMNITY INSURANCE COMPANY,"$25,000",,exempt,"60234 PUEBLO TRAIL / JOSHUA TREE, CA 92252",(415) 314-1336,(415) 314-1336,58,,advertised,unknown,advertised,documented,unknown,unknown,2,,https://www2.cslb.ca.gov/OnlineServices/CheckLicenseII/LicenseDetail.aspx?LicNum=963418,data/raw/cslb-963418.txt
18,24/7 Rooter & Plumbing Services,24 / 7 ROOTER AND PLUMBING SERVICES INC,viable,42,954813,active,Corporation,C36 - PLUMBING ; C-61 / D56 - TRENCHING ONLY ; A - GENERAL ENGINEERING,11/18/2010,11/30/2026,AMERICAN CONTRACTORS INDEMNITY COMPANY,"$25,000",,insured,"dba A & R PLUMBING / 1070 QUESADA AVE / SAN FRANCISCO, CA 94124",(415) 586-6851,(415) 586-6851,,,advertised,unknown,advertised,unknown,advertised,documented,2,,https://www2.cslb.ca.gov/OnlineServices/CheckLicenseII/LicenseDetail.aspx?LicNum=954813,data/raw/cslb-954813.txt
19,A G Quality Plumbing,A G QUALITY PLUMBING,viable,33,828200,active,Corporation,C36 - PLUMBING ; C16 - FIRE PROTECTION,12/08/2003,09/30/2027,AMERICAN CONTRACTORS INDEMNITY COMPANY,"$25,000",,insured,"1019 A SOUTH VAN NESS AVE / SAN FRANCISCO, CA 94110",(415) 824-2517,(415) 824-2517,229,https://www.agqualityplumbing.com/,advertised,unknown,unknown,advertised,unknown,unknown,1,,https://www2.cslb.ca.gov/OnlineServices/CheckLicenseII/LicenseDetail.aspx?LicNum=828200,data/raw/cslb-828200.txt
20,Citywide Plumbing,CW PLUMBING INC,viable,33,954385,active,Corporation,C36 - PLUMBING,11/08/2010,07/31/2028,ATLANTIC SPECIALTY INSURANCE COMPANY,"$25,000",,exempt,"dba CITYWIDE PLUMBING / 244 DENNIS DR / DALY CITY, CA 94015",(415) 716-1519,(415) 716-1519,143,,advertised,unknown,unknown,unknown,unknown,unknown,2,,https://www2.cslb.ca.gov/OnlineServices/CheckLicenseII/LicenseDetail.aspx?LicNum=954385,data/raw/cslb-954385.txt
21,E M S Plumbing,E M S PLUMBING,viable,33,945019,active,Sole Ownership,C36 - PLUMBING,03/29/2010,03/31/2028,WESTERN SURETY COMPANY,"$25,000",,insured,"1009 RHODE ISLAND STREET / SAN FRANCISCO, CA 94107",(415) 596-0883,(415) 596-0883,125,,advertised,unknown,unknown,advertised,unknown,unknown,1,,https://www2.cslb.ca.gov/OnlineServices/CheckLicenseII/LicenseDetail.aspx?LicNum=945019,data/raw/cslb-945019.txt
22,AMX Plumbing,AMX PLUMBING,viable,33,822482,active,Sole Ownership,C36 - PLUMBING,08/06/2003,08/31/2027,WESTERN SURETY COMPANY,"$25,000",,exempt,"767 STEWART AVENUE / DALY CITY, CA 94015",(415) 688-5358,(415) 688-5358,54,,advertised,unknown,unknown,unknown,unknown,unknown,2,,https://www2.cslb.ca.gov/OnlineServices/CheckLicenseII/LicenseDetail.aspx?LicNum=822482,data/raw/cslb-822482.txt
23,Ruby Plumbing & Electrical Supply,RUBY PLUMBING & ELECTRICAL SUPPLY INC,viable,25,748426,active,Corporation,B - GENERAL BUILDING ; C10 - ELECTRICAL ; C16 - FIRE PROTECTION ; C36 - PLUMBING,04/22/1998,04/30/2028,WESTERN SURETY COMPANY,"$25,000",,insured,"1234 GENEVA AVENUE / SAN FRANCISCO, CA 94112",(415) 337-9133,(415) 337-9133,1947,,unknown,unknown,unknown,advertised,unknown,unknown,2,,https://www2.cslb.ca.gov/OnlineServices/CheckLicenseII/LicenseDetail.aspx?LicNum=748426,data/raw/cslb-748426.txt
24,Bell Plumbing and Heating,BELL PLUMBING AND HEATING,viable,25,613784,active,Corporation,"C36 - PLUMBING ; C20 - WARM-AIR HEATING, VENTILATING AND AIR-CONDITIONING ; B - GENERAL BUILDING ; A - GENERAL ENGINEERING ; C-61 / D12 - SYNTHETIC PRODUCTS ; C10 - ELECTRICAL ; C33 - PAINTING AND DECORATING",02/26/1991,02/28/2027,AMERICAN CONTRACTORS INDEMNITY COMPANY,"$25,000",,insured,"dba ECONOMY PLUMBING / P O BOX 1691 / BURLINGAME, CA 94011",(650) 756-5100,(650) 756-5100,1683,,unknown,unknown,unknown,advertised,unknown,unknown,3,,https://www2.cslb.ca.gov/OnlineServices/CheckLicenseII/LicenseDetail.aspx?LicNum=613784,data/raw/cslb-613784.txt
25,Red Wrench Plumbing,RED WRENCH PLUMBING INC,conditional,33,966458,active,Corporation,C36 - PLUMBING,10/07/2011,10/31/2027,ATLANTIC SPECIALTY INSURANCE COMPANY,"$25,000",,insured,"622 PRECITA AVENUE / SAN FRANCISCO, CA 94110",(415) 424-0799,(415) 424-0799,125,https://www.redwrenchplumbing.com/,no-evidence,advertised,advertised,advertised,unknown,unknown,1,,https://www2.cslb.ca.gov/OnlineServices/CheckLicenseII/LicenseDetail.aspx?LicNum=966458,data/raw/cslb-966458.txt
26,Precision Rooter & Drain,PRECISION ROOTER & DRAIN,conditional,33,961218,active,Sole Ownership,C36 - PLUMBING,05/19/2011,05/31/2027,AMERICAN CONTRACTORS INDEMNITY COMPANY,"$25,000",,exempt,"945 TARAVAL ST / UNIT 1214 / SAN FRANCISCO, CA 94116",(415) 724-1824,(415) 724-1824,18,,advertised,no-evidence,advertised,unknown,advertised,unknown,2,,https://www2.cslb.ca.gov/OnlineServices/CheckLicenseII/LicenseDetail.aspx?LicNum=961218,data/raw/cslb-961218.txt
27,Repipe Specialists,,fallback-only,50,,unverified,,,,,,,,,,,,,https://san-francisco.repipe.com/,no,advertised,documented,documented,unknown,unknown,3,Earlier license attribution was wrong and is withdrawn; License NOT verified - do not treat as a verified entry,,
28,ARB Inc,ARB INC,wrong-scale,0,194079,active,Corporation,"A - GENERAL ENGINEERING ; C-4 - BOILER, HOT WATER HEATING AND STEAM FITTING ; C16 - FIRE PROTECTION ; B - GENERAL BUILDING ; C36 - PLUMBING ; C51 - STEEL, STRUCTURAL",07/21/1960,03/31/2027,WESTERN SURETY COMPANY,"$25,000",,insured,"7515 IRVINE CENTER DRIVE / SUITE #200 / IRVINE, CA 92618",(949) 454-7106,(949) 454-7106,12829,,no,no,no,no,unknown,no,2,,https://www2.cslb.ca.gov/OnlineServices/CheckLicenseII/LicenseDetail.aspx?LicNum=194079,data/raw/cslb-194079.txt
29,Crusader Plumbing,,unverified,25,,unverified,,,,,,,,,,,,,,unknown,unknown,unknown,unknown,unknown,unknown,1,NO VERIFIABLE CSLB LICENSE,,
30,Bright Ideas Plumbing and Rooter,BRIGHT IDEAS PLUMBING AND ROOTER,do-not-hire,92,1018638,expired,Sole Ownership,C36 - PLUMBING,09/23/2016,09/30/2024,WESTERN SURETY COMPANY,"$25,000",03/27/2025,exempt,"3 CONCORD STREET / SAN FRANCISCO, CA 94112",(415) 298-1428,(415) 298-1428,46,,documented,documented-adjacent,documented,unknown,unknown,unknown,3,LICENSE EXPIRED 09/30/2024 - cannot lawfully contract; Platform trust badges are stale and misleading,https://www2.cslb.ca.gov/OnlineServices/CheckLicenseII/LicenseDetail.aspx?LicNum=1018638,data/raw/cslb-1018638.txt
31,ACE Plumbing and Rooter,ACE PLUMBING & ROOTER,do-not-hire,67,829071,suspended,Corporation,"C36 - PLUMBING ; A - GENERAL ENGINEERING ; C-4 - BOILER, HOT WATER HEATING AND STEAM FITTING ; C16 - FIRE PROTECTION ; B - GENERAL BUILDING ; C10 - ELECTRICAL",12/18/2003,06/30/2027,HUDSON INSURANCE COMPANY,"$25,000",09/01/2026,insured,"1090 BRYANT STREET / SAN FRANCISCO, CA 94103-4417",(415) 824-6444,(415) 824-6444,3172,https://www.aceplumbingandrooter.com/,documented,advertised,advertised,advertised,advertised,documented,4,LICENSE SUSPENDED; Review volume does not equal licensure,https://www2.cslb.ca.gov/OnlineServices/CheckLicenseII/LicenseDetail.aspx?LicNum=829071,data/raw/cslb-829071.txt
32,Fast Response Plumbing (Joseph Tinsley),JOSEPH TINSLEY,do-not-hire,33,1024971,suspended,Sole Ownership,C36 - PLUMBING,03/20/2017,03/31/2027,HUDSON INSURANCE COMPANY,"$25,000",09/01/2026,insured,"dba FAST RESPONSE PLUMBING AND ROOTER / 236 W POTRAL AVE #459 / SAN FRANCISCO, CA 94127",(415) 596-6115,(415) 596-6115,940,,advertised,unknown,unknown,unknown,advertised,advertised,2,LICENSE SUSPENDED,https://www2.cslb.ca.gov/OnlineServices/CheckLicenseII/LicenseDetail.aspx?LicNum=1024971,data/raw/cslb-1024971.txt
33,Gateway Plumbing,GATEWAY PLUMBING,do-not-hire,33,846292,suspended,Sole Ownership,C36 - PLUMBING,09/11/2004,09/30/2026,HUDSON INSURANCE COMPANY,"$25,000",09/01/2026,insured,"121 FRANCISCO DRIVE / SOUTH SAN FRANCISCO, CA 94080",(415) 336-9155,(415) 336-9155,639,,advertised,unknown,unknown,unknown,unknown,unknown,2,LICENSE SUSPENDED,https://www2.cslb.ca.gov/OnlineServices/CheckLicenseII/LicenseDetail.aspx?LicNum=846292,data/raw/cslb-846292.txt
34,Mr. Rooter of San Francisco (SFGDL Industries Inc),SFGDL INDUSTRIES INC,do-not-hire,33,974194,expired,Corporation,C36 - PLUMBING,06/22/2012,08/31/2021,HUDSON INSURANCE COMPANY,"$15,000",09/11/2021,exempt,"dba MR ROOTER OF SAN FRANCISCO / 3801 GODDING HOLLOW PARKWAY / FREDERICK, CO 80516",(720) 526-6309,(720) 526-6309,72,,advertised,unknown,unknown,unknown,unknown,unknown,2,LICENSE EXPIRED 08/31/2021,https://www2.cslb.ca.gov/OnlineServices/CheckLicenseII/LicenseDetail.aspx?LicNum=974194,data/raw/cslb-974194.txt
35,Servadei Service Inc,SERVADEI SERVICE INC,do-not-hire,25,168371,canceled,Corporation,"C-4 - BOILER, HOT WATER HEATING AND STEAM FITTING ; C20 - WARM-AIR HEATING, VENTILATING AND AIR-CONDITIONING ; C36 - PLUMBING ; C38 - REFRIGERATION ; C42 - SANITATION SYSTEM ; C16 - FIRE PROTECTION",06/12/1957,11/30/2002,FRONTIER PACIFIC INSURANCE COMPANY,"$7,500",01/30/2002,insured,"45 29TH STREET / SAN FRANCISCO, CA 94110",(415) 567-5025,(415) 567-5025,1586,,unknown,unknown,unknown,unknown,unknown,unknown,3,"LICENSE CANCELED 11/30/2002 - dissolved corporation; 1,525 SF permits make it look active in open data",https://www2.cslb.ca.gov/OnlineServices/CheckLicenseII/LicenseDetail.aspx?LicNum=168371,data/raw/cslb-168371.txt
36,Eric Brand Plumbing (Rayna Brand),RAYNA BRAND,do-not-hire,25,920294,canceled,Sole Ownership,C36 - PLUMBING,08/04/2008,08/31/2024,HUDSON INSURANCE COMPANY,"$25,000",12/05/2024,insured,"DBA ERIC BRAND PLUMBING / 174 BYXBEE STREET / SAN FRANCISCO, CA 94132",(415) 572-5991,(415) 572-5991,,,unknown,unknown,unknown,unknown,unknown,unknown,3,LICENSE CANCELED,https://www2.cslb.ca.gov/OnlineServices/CheckLicenseII/LicenseDetail.aspx?LicNum=920294,data/raw/cslb-920294.txt
37,Discount Plumbing Inc (prior entity),DISCOUNT PLUMBING INC,historical,25,755272,canceled,Corporation,C36 - PLUMBING ; A - GENERAL ENGINEERING,10/15/1998,09/13/2025,AMERICAN CONTRACTORS INDEMNITY COMPANY,"$25,000",,insured,"1325 HOWARD AVE BLDG 710 / BURLINGAME, CA 94010",(650) 991-2100,(650) 991-2100,2623,,unknown,unknown,unknown,unknown,unknown,unknown,2,,https://www2.cslb.ca.gov/OnlineServices/CheckLicenseII/LicenseDetail.aspx?LicNum=755272,data/raw/cslb-755272.txt
